{
  "id": "3627755",
  "name": "ui",
  "font_family": "iconfont",
  "css_prefix_text": "icon-",
  "description": "",
  "glyphs": [
    {
      "icon_id": "577364",
      "name": "首页",
      "font_class": "shouye",
      "unicode": "e751",
      "unicode_decimal": 59217
    },
    {
      "icon_id": "2076271",
      "name": "退出",
      "font_class": "tuichu",
      "unicode": "e892",
      "unicode_decimal": 59538
    },
    {
      "icon_id": "3315134",
      "name": "小眼睛",
      "font_class": "xiaoyanjing",
      "unicode": "e616",
      "unicode_decimal": 58902
    },
    {
      "icon_id": "3456450",
      "name": "我的",
      "font_class": "wode1",
      "unicode": "e70b",
      "unicode_decimal": 59147
    },
    {
      "icon_id": "6548530",
      "name": "发现",
      "font_class": "faxian",
      "unicode": "e654",
      "unicode_decimal": 58964
    },
    {
      "icon_id": "11372782",
      "name": "相机",
      "font_class": "xiangji",
      "unicode": "e8c7",
      "unicode_decimal": 59591
    },
    {
      "icon_id": "2076312",
      "name": " 我的",
      "font_class": "wode",
      "unicode": "e8a0",
      "unicode_decimal": 59552
    },
    {
      "icon_id": "11372701",
      "name": "收藏",
      "font_class": "shoucang",
      "unicode": "e8b9",
      "unicode_decimal": 59577
    }
  ]
}
